Pretender,Official髭男dism,68058,44438
宿命(숙명),Official髭男dism,68086,44442
ノーダウト,Official髭男dism,68087,44440
イエスタデイ,Official髭男dism,68104,44458
115万キロのフィルム,Official髭男dism,-,44507
I LOVE...,Official髭男dism,68200,44519
Laughter,Official髭男dism,68261,-
Stand By You,Official髭男dism,68850,44587
HELLO,Official髭男dism,68295,44593
Universe,Official髭男dism,68366,44645
Cry Baby,Official髭男dism,68407,44674
ミックスナッツ,Official髭男dism,68600,44783
Subtitle,Official髭男dism,68720,44868
ホワイトノイズ,Official髭男dism,68766,44910
Chessboard,Official髭男dism,68828,44990
TATTOO,Official髭男dism,68838,44969
日常,Official髭男dism,68906,75852
SOULSOUP,Official髭男dism,68916,75880
Sharon,Official髭男dism,52711,75997