ゴーゴー幽霊船,米津玄師,27941,44057
メトロノーム,米津玄師,27945,44066
アイネクライネ,米津玄師,28607,44040
orion,米津玄師,28660,44128
灰色と青,米津玄師,28789,44207
春雷,米津玄師,28795,44227
Flamingo,米津玄師,28983,-
Lemon,米津玄師,28822,44253
LOSER,米津玄師,28686,44148
MAD HEAD LOVE,米津玄師,28596,44195
vivi,米津玄師,27915,44048
感電,米津玄師,68300,44591
Pale Blue,米津玄師,68423,44689
馬と鹿,米津玄師,68094,44448
ピースサイン,米津玄師,28720,44170
海の幽霊,米津玄師,68019,44480
パプリカ,米津玄師,68089,-
KICK BACK,米津玄師,68677,44855
月を見ていた,米津玄師,68824,44971
地球儀,米津玄師,68840,44993
さよーならまたいつか！,米津玄師,52580,75948
毎日,米津玄師,68478,75974
LADY,米津玄師,68495,76514
がらくた,米津玄師,52725,76529
RED OUT,米津玄師,52737,76537
まちがいさがし,米津玄師,52728,-
ゆめうつつ,米津玄師,52764,-
Plazma,米津玄師,52905,57825
BOW AND ARROW,米津玄師,52796,57822
Azalea,米津玄師,52828,-
M八七,米津玄師,52892,-