WanteD! WanteD!,Mrs. GREEN APPLE,,28776,44208
インフェルノ,Mrs. GREEN APPLE,68095,44455
青と夏,Mrs. GREEN APPLE,68127,44466
ロマンチシズム,Mrs. GREEN APPLE,68137,-
点描の唄,68141,44547
春愁,Mrs. GREEN APPLE,ⓗ 68207,44523
僕のこと,Mrs. GREEN APPLE,68248,44894
ダンスホール,Mrs. GREEN APPLE,68620,44808
ニュー・マイ・ノーマル,Mrs. GREEN APPLE,68635,44811
ブルーアンビエンス,Mrs. GREEN APPLE,68636,44824
CHEERS,Mrs. GREEN APPLE,68718,-
Soranji,Mrs. GREEN APPLE,68736,44878
Magic,Mrs. GREEN APPLE,68835,44962
ANTENNA,Mrs. GREEN APPLE,68885,75843
アンラブレス,Mrs. GREEN APPLE,68918,75862
ライラック,Mrs. GREEN APPLE,68461,75996
コロンブス,Mrs. GREEN APPLE,68485,-
familie,Mrs. GREEN APPLE,52721,76522
ダーリン,Mrs. GREEN APPLE,52793,57823
ビターバカンス,Mrs. GREEN APPLE,52804,57819
クスシキ,Mrs. GREEN APPLE,52834,-
StaRt,Mrs. GREEN APPLE,52866,57812
ケセラセラ,Mrs. GREEN APPLE,52844,57810
ア・プリオリ,Mrs. GREEN APPLE,52856,-
私は最強,Mrs. GREEN APPLE,52717,76515