有心論,RADWIMPS,27818,43206
マニフェスト,RADWIMPS,-,43256
ふたりごと,RADWIMPS,-,43282
DADA,RADWIMPS,27154,43324
君と羊と青,RADWIMPS,28624,43408
シュプレヒコール,RADWIMPS,-,43524
いいんですか?,RADWIMPS,-,43558
オーダーメイド,RADWIMPS,-,43572
me me she,RADWIMPS,27546,43588
最大公約数,RADWIMPS,-,43602
おしゃかしゃま,RADWIMPS,-,43611
トレモロ,RADWIMPS,-,43833
前前前世,RADWIMPS,27944,44067
スパークル,RADWIMPS,27957,44078
なんでもないや,RADWIMPS,27965,44083
夢灯籠,RADWIMPS,27972,44089
会心の一撃,RADWIMPS,28665,44125
愛にできることはまだあるかい,RADWIMPS,68057,44422
グランドエスケープ,RADWIMPS,68067,44423
大丈夫,RADWIMPS,68114,44473
祝祭,RADWIMPS,68281,44485
そっけない,RADWIMPS,68282,44492
うるうびと,RADWIMPS,68451,-