花鳥風月,SEKAI NO OWARI,27741,44056
白昼の夢,SEKAI NO OWARI,27784,-
スターライトパレード,SEKAI NO OWARI,68829,43927
天使と悪魔,SEKAI NO OWARI,27757,44021
眠り姫,SEKAI NO OWARI,28570,43517
虹色の戦争,SEKAI NO OWARI,27703,44001
炎と森のカーニバル,SEKAI NO OWARI,27779,43805
幻の命,SEKAI NO OWARI,27768,43971
スノーマジックファンタジー,SEKAI NO OWARI,28604,-
ピエロ,SEKAI NO OWARI,28608,-
ANTI-HERO,SEKAI NO OWARI,27940,43941
Dragon Night,SEKAI NO OWARI,27684,43852
RAIN,SEKAI NO OWARI,28733,44175
RPG,SEKAI NO OWARI,27434,43623
SOS,SEKAI NO OWARI,28694,-
サザンカ,SEKAI NO OWARI,28810,44299
イルミネーション,SEKAI NO OWARI,28941,-
silent,SEKAI NO OWARI,68361,44647
Diary,SEKAI NO OWARI,25014,44762
Habit,SEKAI NO OWARI,52745,76541
死の魔法,SEKAI NO OWARI,52805,-