1925,T-POCKET,28000,43231
88☆彡,"마라시,호리에 쇼타(kemu)",68687,44837
いかないで,소타,27959,44074
ウミユリ海底譚,n-buna,28777,44206
黒猫,붉은 머리,28745,44187
弱虫モンブラン,DECO*27,28370,43348
裏表ラバーズ,wowaka,27788,43181
ケッペキショウ,스코프,28673,44135
孤独の宗教,syudou,68394,44651
告白予行練習,HoneyWorks,28009,43975
ゴーストルール,DECO*27,27958,44063
空奏列車,Orangestar,28812,44233
虚ろを扇ぐ,시시시시,68754,44892
グッバイ宣言,Chinozo,68500,
おばけのウケねらい,피노키오피,52888,
それがあなたの幸せとしても,Heavenz,27911,44080
金曜日のおはよう,HoneyWorks,28689,44146
からくりピエロ,40mP,27357,43525
限りなく灰色へ,스리이,68700,44849
花降らし,n-buna,68026,
アサガオの散る頃に,짓푸스,28661,44126
アスノヨゾラ哨戒班,Orangestar,27984,44091
きみも悪い人でよかった,피노키오피,68015,44394
とても痛い痛がりたい,EZFG,687461,44882
炉心融解,iroha,26903,43061
歌に形はないけれど,doriko,27977,44087
脳漿炸裂ガール,레루리리,28305,43583
脳内革命ガール,MARETU,28783,44219
だれかの心臓になれたなら,유리이 카논,68070,
ツギハギスタッカート,토아,28728,44176
ニューダーリン,MARETU,52583,75945
紅一葉,흑토끼P,28721,44162
走れ,KEI,28939,44940
ダーリン,MARETU,68975,
オツキミリサイタル,진,28181,43733
ダンシング☆サムライ,카니미소P,26965,43164
ダンスロボットダンス,나유탄 성인,68096,
ダブルラリアット,아고아니키,26923,43093
ドーナツホール,하치,28229,43855
東京キャスター,HarryP,68032,
東京テディベア,Neru,27324,43503
毒占欲,DECO*27,68108,44449
ライアーダンス,DECO*27,68039,44400
レイニーブーツ,이나바 쿠모리,68481,75955
ロミオとシンデレラ,doriko,27030,43113
ロスタイムメモリー,진,28283,43653
ロストワンの号哭,Neru,27670,43644
ロキ,미키토P,28961,
ローリンガール,wowaka,27239,43292
ルカルカ★ナイトフィーバー,samfree,27031,43185
リグレットメッセージ,mothy_악의P,26939,43116
リバーシブル・キャンペーン,DECO*27,68052,44397
マトリョシカ,하치,28269,43443
ココロ,트라볼타,27759,43169
心做し,쵸쵸P,27906,44050
妄想感傷代償連盟,DECO*27,28676,44132
妄想税,DECO*27,28322,43875
メリーバッドエンド,마후마후,28847,44255
メリュー,n-buna,28781,44214
メーベル,벌룬,28798,44230
メカクシコード,진,28272,43863
メランコリック,Junky,28273,43617
メルト,ryo,26749,42670
砂の惑星,하치,28736,44181
モザイクロール,DECO*27,27227,43320
みくみくにしてあげる♪,ika,26689,42634
夜撫でるメノウ,Ayase,68532,
おじゃま虫,DECO*27,68016,44395
백록,50mang쏘망,87986,
桜ノ雨,halyosy,27987,44099
ベノム,카이리키 베어,68079,
病名は愛だった,Neru& z’5,28815,44238
ハルノ寂寞,이나바 쿠모리,68482,75956
ヒバナ,DECO*27,28747,44200
ブリキノダンス,양지전공,27942,44058
블랙★록 슈터,ryo,26865,42833
卑怯戦隊うろたんだー,kobapie,28902,43046
ビノミ,MARETU,52742,76539
ビバハピ,Mitchie M,68716,44865
雨き声残響,Orangestar,28718,44166
ペテン師が笑う頃に,나시모토 우이,27046,43312
恋は戦争,ryo,27787,42935
愛言葉,DECO*27,28756,44191
恋スルVOC@LOID,OSTER project,27774,42762
살리에리,50mang쏘망,86585,82856
サリシノハラ,미키토P,27933,44055
想像フォレスト,진,28344,43660
サンドリヨン,Dios/시그널P,27795,43246
シャルル,벌룬,28700,44142
夜明けと蛍,n-buna,27999,44116
命に嫌われている。,칸자키 이오리,68051,
サマータイムレコード,진(자연의 적P),28208,43715
聖槍爆裂ボーイ,"레루리리,모쟈",68314,44598
世界を壊している,Neru,27996,44127
世界寿命と最後の一日,스즈무,28806,44225
セツナトリップ,Last Note.,28220,43622
少女レイ,미키토P,68106,
乙女解剖,DECO*27,68034,
てのひらワンダーランド,사사노말리,68083,44436
すーぱーぬこになれんかった,마후마후,68244,44546
ストリーミングハート,DECO*27,28753,44198
スイートマジック,Junky,68707,44857
ステラ,진,68704,44852
時ノ雨、最終戦争,Orangestar,28650,44103
シリョクケンサ,40mP,27851,43997
神のまにまに,레루리리,27854,43990
失想ワアド,진(프로듀서),68084,44437
深海少女,유우유P,28363,43724
シンガソン,레루리리,28929,44325
アストロノーツ,시이나 모타(포와포와P),28744,44186
アヤノの幸福理論,진,28169,43820
アウターサイエンス,진,28164,43694
アイロニ,스코프,27956,44073
カゲロウデイズ,진,27308,43487
悪ノ娘,mothy_악의P,26906,43058
悪ノ召使,mothy_악의P,26944,42950
압생트,박화애,87531,56492
夜咄ディセイブ,진,27557,43635
アディショナルメモリー,진(프로듀서),68043,44403
어둑시니,50mang쏘망,76945,56611
アンハッピーリフレイン,wowaka,27777,43386
エイリアンエイリアン,나유탄 성인,27961,44079
恋愛裁判,40mP,28424,43959
オレンジ,토마,28687,44140
右肩の蝶,노리피,27038,43143
ワールドイズマイン,ryo,26941,43011
ワールズエンド・ダンスホール,wowaka,27793,43354
六兆年と一夜物語,kemu,28318,43599
リンネ,하치,28282,43703
え？あぁ、そう。,쵸쵸P,27796,43344
イドラのサーカス,Neru,28833,44243
いろは唄,긴사쿠,27766,43174
二息歩行,DECO*27,27267,43267
このふざけた素晴らしき世界は僕の為にある,n.k,27997,44108
いーあるふぁんくらぶ,미키토P,28171,43561
インビジブル,kemu,28173,43675
人生リセットボタン,kemu,28379,43806
一発即答☆解ガール,레루리리,28883,44285
自傷無色,네코볼로,27803,44010
ザムザ,테니오하,68801,44938
장산범,50mang쏘망,76726,24704
再教育,Neru,28386,43949
スキキライ,HoneyWorks,28651,44111
すきなことだけでいいです,피노키오피,68054,44425
死ねばいいのに,도부우사기,26994,
結ンデ開イテ羅刹ト骸,하치,28290,43259
地球最後の告白を,kemu,28393,43930
今好きになる。,HoneyWorks,27967,44107
지귀,50mang쏘망,87998,
지옥의 끝에서,50mang쏘망,42970,
ジグソーパズル,마후마후,28963,44348
ヤキモチの答え,HoneyWorks,28275,43883
天ノ弱,164,28397,43431
天樂,유우유P,27035,43299
初めての恋が終わる時,ryo,27775,43073
チェチェ・チェック・ワンツー!,쿠라게P,28667,44133
踊れオーケストラ,YASUHIRO(康寛),28725,44172
チュルリラ・チュルリラ・ダッダッダ！,쿠라게P,27966,44088
拝啓ドッペルゲンガー,kemu,28764,44204
チルドレンレコード,진,28224,43575
カンタレラ,흑토끼P,26879,42979
コノハの世界事情,진,28206,43903
如月アテンション,진,28372,43815
脱法ロック,Neru,28654,44122
脱獄,Neru,28674,44137
太陽系デスコ,나유탄 성인,28717,44167
テロル,Neru,27979,44082
テトリス,히이라기 마그네타이트,52897,57806
パラジクロロベンゼン,오와타P,27039,43253
パンダヒーロー,하치,27416,43454
敗北の少年,kemu,68060,44402
廃墟の国のアリス,마후마후,28934,44331
フォニイ,츠미키,,57803
ぽっぴっぽー,라마즈P,27008,43211
青く駆けろ,마라시,68724,44866
ピエロ,KEI,68080,44417
ぴんく,MARETU,52707,75988
下剋上,일행P,26917,43105
ハロ／ハワユ,나노우,28246,43940
白い雪のプリンセスは,노보루↑,28695,
ハウトゥー世界征服,Neru,28236,43895
初音ミクの消失,cosMo@폭주P,28402,43199
夕景イエスタデイ,진,28345,43835
ハッピーシンセサイザ,EasyPop,27289,43515
戯言スピーカー,사사노말리,68063,44426
ヘッドフォンアクター,진,28259,43848
ハローディストピア,마후마후,28873,44290
호가호위,50mang쏘망,87955,
ホシアイ,레프티 몬스터,27964,44070
虎視眈々,우메토라,27978,44086
混沌ブギ,jon-YAKITORY,52710,75995
魂䰰,50mang쏘망,42083,
独りんぼエンヴィー,koyori,27896,44029
ホワイトハッピー,MARETU,52807,57824
火葬曲,No.D,27004,
人柱アリス,유가미P,28416,43217
About me,쵸쵸P,27817,44039
Blessing,halyosy,27860,44019
Calc.,지미섬P,28024,43919
Connecting,halyosy,27985,44092
Dear,19's Sound Factory,27028,43096
Episode.0,카니미소P,28048,43383
Fire◎Flower,halyosy,26970,43148
flos,R Sound Design,28974,
Flyer!,Chinozo,68715,44864
FPS,Neru,28863,44273
from Y to Y,지미섬P,27040,43153
Happy Halloween,Junky,68110,44460
Heart a la mode,DECO*27,28730,
IMITATION BLACK,natsuP,27066,43281
Just Be Friends,Dixie Flatline,26954,43131
Last Dance,하치오지P,28984,
magnet,유성P,27029,43125
Mrs.Pumpkinの滑稽な夢,하치,28090,43546
ODDS&ENDS,ryo,28097,43538
Paintër,halyosy,28699,44156
PLATONIC GIRL,미키토P,28950,
SNOBBISM,Neru,28867,44279
STAGE OF SEKAI,HarryP,68844,44965
Tell Your World,livetune(kz),27758,43477
ニア,나츠시로 타카아키,28848,44260
ナンセンス文学,Eve,28757,44193
둔갑,50mang쏘망,80331,
ドラマツルギー,Eve,28805,44223
レクイエム,Kanaria,52878,57809
ロメオ,HoneyWorks,28697,44152
お気に召すまま,Eve,28820,44247
メンタルチェンソー,카이리키 베어,68557,44737
매구,50mang쏘망,78903,
シネマ,Ayase,68670,44841
シカバネーゼ,jon-YAKITORY,68853,44974
シル・ヴ・プレジデント,나나호시 관현악단,68442,44688
月光,"키타니 타츠야,하루마키고한",68689,44840
さよならだけが人生だ,이토카시타로,27995,44113
イフ,유리이 카논,68733,44874
日曜日の秘密,HoneyWorks,28889,44282
泥中に咲く,HarryP,68126,
晴天前夜,HarryP,28784,44220
カナデトモスソラ,사사노말리,68745,44886
Choose me,마에야마다 켄이치,68073,44416
