夜に駆ける,YOASOBI,68381,44656
あの夢をなぞって,YOASOBI,68398,44786
ハルジオン,YOASOBI,68402,44678
たぶん,YOASOBI,68406,44908
群青,YOASOBI,68390,44684
ハルカ,YOASOBI,68354,44642
アンコール,YOASOBI,68359,44636
怪物,YOASOBI,68387,44655
優しい彗星,YOASOBI,68385,44665
もう少しだけ,YOASOBI,68411,44670
三原色,YOASOBI,68420,44695
ラブレター,YOASOBI,68514,44729
もしも命が描けたら,YOASOBI,68544,44733
ミスター,YOASOBI,68604,44796
祝福,YOASOBI,68684,44846
好きだ,YOASOBI,68685,44861
アイドル,YOASOBI,68781,44923
セブンティーン,YOASOBI,68793,44933
アドベンチャー,YOASOBI,68820,44951
勇者,YOASOBI,68860,75833
HEART BEAT,YOASOBI,68920,75932
モノトーン,YOASOBI,52703,76524
Adventure,YOASOBI,68932,-
Biri-Biri,YOASOBI,68993,75919
UNDEAD,YOASOBI,52595,75979
舞台に立って,YOASOBI,52705,76512
海のまにまに,YOASOBI,52738,-