JK BOMBER,ずっと真夜中でいいのに。,52877,-
MILABO,ずっと真夜中でいいのに。,68437,-
勘ぐれい,ずっと真夜中でいいのに。,68357,-
嘘じゃない,ずっと真夜中でいいのに。,52731,76532
蹴っ飛ばした毛布,ずっと真夜中でいいのに。,68220,44696
お勉強しといてよ,ずっと真夜中でいいのに。,68270,44590
脳上のクラッカー,ずっと真夜中でいいのに。,28971,44354
眩しいDNAだけ,ずっと真夜中でいいのに。,68005,44375
サターン,ずっと真夜中でいいのに。,52889,-
袖のキルト,ずっと真夜中でいいのに。,26094,44773
暗く黒く,ずっと真夜中でいいのに。,68376,44668
正しくなれない,ずっと真夜中でいいのに。,68373,44637
残機,ずっと真夜中でいいのに。,68806,44927
あいつら全員同窓会,ずっと真夜中でいいのに。,68427,-
正義,ずっと真夜中でいいのに。,68625,44817
秒針を噛む,ずっと真夜中でいいのに。,28942,44343
綺羅キラー,ずっと真夜中でいいのに。,68750,44895
海馬成長痛,ずっと真夜中でいいのに。,52743,-
ヒューマノイド,ずっと真夜中でいいのに。,28992,44367